[
  {
    "id": "f1029253-7e15-46e8-8a30-f6824649d8e8",
    "data": [
      {
        "text": "I am ",
        "userDefined": false
      },
      {
        "text": "Dimpy",
        "alias": "Name",
        "meta": "@sys.any",
        "userDefined": true
      }
    ],
    "isTemplate": false,
    "count": 0,
    "updated": 1518368786
  },
  {
    "id": "aa755d94-fd32-4c8f-af02-0692d77949de",
    "data": [
      {
        "text": "Please order ",
        "userDefined": false
      },
      {
        "text": "Pizza",
        "meta": "@sys.ignore",
        "userDefined": true
      }
    ],
    "isTemplate": false,
    "count": 1,
    "updated": 1518368786
  },
  {
    "id": "0f9f3b1f-a59f-4156-b0d8-7b6a9e3dc729",
    "data": [
      {
        "text": "I want a ",
        "userDefined": false
      },
      {
        "text": "pizza",
        "meta": "@sys.ignore",
        "userDefined": true
      }
    ],
    "isTemplate": false,
    "count": 0,
    "updated": 1518368786
  },
  {
    "id": "3c25c822-1e46-4393-a3ee-f97c1585d72a",
    "data": [
      {
        "text": "Hi I am ",
        "userDefined": false
      },
      {
        "text": "Dimpy",
        "alias": "Name",
        "meta": "@sys.any",
        "userDefined": true
      },
      {
        "text": ", I\u0027d like to order a ",
        "userDefined": false
      },
      {
        "text": "large",
        "alias": "Size",
        "meta": "@Size",
        "userDefined": true
      },
      {
        "text": " ",
        "userDefined": false
      },
      {
        "text": "Veg Extravaganza",
        "alias": "Pizza_type",
        "meta": "@Type",
        "userDefined": true
      },
      {
        "text": " with hand ",
        "userDefined": false
      },
      {
        "text": "classic",
        "alias": "Crust",
        "meta": "@Crust",
        "userDefined": true
      },
      {
        "text": " crust and some ",
        "userDefined": false
      },
      {
        "text": "extra cheese",
        "alias": "extraToppings",
        "meta": "@extraToppings",
        "userDefined": true
      },
      {
        "text": " toppings",
        "userDefined": false
      }
    ],
    "isTemplate": false,
    "count": 0,
    "updated": 1518368786
  },
  {
    "id": "6bad1120-3813-4226-8ce7-9a0b6adfe9a5",
    "data": [
      {
        "text": "FOOD! GIMME",
        "userDefined": false
      }
    ],
    "isTemplate": false,
    "count": 0,
    "updated": 1518368786
  },
  {
    "id": "1a3c06e2-7aa9-40b3-958b-d6c4f596328b",
    "data": [
      {
        "text": "FEED ME!",
        "userDefined": false
      }
    ],
    "isTemplate": false,
    "count": 0,
    "updated": 1518368786
  },
  {
    "id": "eac99630-658b-49f6-af7a-dc7a49b0c1f5",
    "data": [
      {
        "text": "Let\u0027s order a pizza, shall we?",
        "userDefined": false
      }
    ],
    "isTemplate": false,
    "count": 0,
    "updated": 1518368786
  },
  {
    "id": "f2a0aa7e-c4d5-48cb-b3ce-b2c79d3b9de2",
    "data": [
      {
        "text": "Order a ",
        "userDefined": false
      },
      {
        "text": "pizza",
        "meta": "@sys.ignore",
        "userDefined": true
      }
    ],
    "isTemplate": false,
    "count": 0,
    "updated": 1518368786
  },
  {
    "id": "3dfa3e2d-c57a-4e34-a4dc-f7ecda780de5",
    "data": [
      {
        "text": "I am ",
        "userDefined": false
      },
      {
        "text": "hangry",
        "meta": "@sys.ignore",
        "userDefined": true
      }
    ],
    "isTemplate": false,
    "count": 0,
    "updated": 1518368786
  },
  {
    "id": "72b26080-d0a4-4f6a-aba5-56eb2454d3f8",
    "data": [
      {
        "text": "I would like a ",
        "userDefined": false
      },
      {
        "text": "personal",
        "alias": "Size",
        "meta": "@Size",
        "userDefined": true
      },
      {
        "text": " pizza",
        "userDefined": false
      }
    ],
    "isTemplate": false,
    "count": 0,
    "updated": 1518368786
  },
  {
    "id": "bea365a5-6053-4f96-87e0-572b92a05fee",
    "data": [
      {
        "text": "Pizza Party",
        "userDefined": false
      }
    ],
    "isTemplate": false,
    "count": 0,
    "updated": 1518368786
  },
  {
    "id": "8f3b04dc-b752-47b8-b11a-48681c9abb2d",
    "data": [
      {
        "text": "Hi I am ",
        "userDefined": false
      },
      {
        "text": "Dimpy Chhabra",
        "alias": "Name",
        "meta": "@sys.any",
        "userDefined": true
      },
      {
        "text": " I\u0027d like to order a ",
        "userDefined": false
      },
      {
        "text": "small",
        "alias": "Size",
        "meta": "@Size",
        "userDefined": true
      },
      {
        "text": " ",
        "userDefined": false
      },
      {
        "text": "Mexican Green Wave",
        "alias": "Pizza_type",
        "meta": "@Type",
        "userDefined": true
      },
      {
        "text": " with ",
        "userDefined": false
      },
      {
        "text": "classic hand-tossed",
        "alias": "Crust",
        "meta": "@Crust",
        "userDefined": true
      },
      {
        "text": " crust and ",
        "userDefined": false
      },
      {
        "text": "olives",
        "alias": "extraToppings",
        "meta": "@extraToppings",
        "userDefined": true
      },
      {
        "text": " toppings!",
        "userDefined": false
      }
    ],
    "isTemplate": false,
    "count": 0,
    "updated": 1518368786
  },
  {
    "id": "1f90bffd-c616-48c0-a278-45060e348482",
    "data": [
      {
        "text": "Hi I am ",
        "userDefined": false
      },
      {
        "text": "Dimpy Chhabra",
        "alias": "Name",
        "meta": "@sys.any",
        "userDefined": true
      },
      {
        "text": " and would like to order a ",
        "userDefined": false
      },
      {
        "text": "small",
        "alias": "Size",
        "meta": "@Size",
        "userDefined": true
      },
      {
        "text": " ",
        "userDefined": false
      },
      {
        "text": "Farm House",
        "alias": "Pizza_type",
        "meta": "@Type",
        "userDefined": true
      },
      {
        "text": " pizza with ",
        "userDefined": false
      },
      {
        "text": "extra cheese",
        "alias": "extraToppings",
        "meta": "@extraToppings",
        "userDefined": false
      },
      {
        "text": " toppings and thin ",
        "userDefined": false
      },
      {
        "text": "crust",
        "alias": "Crust",
        "meta": "@Crust",
        "userDefined": true
      }
    ],
    "isTemplate": false,
    "count": 0,
    "updated": 1518368786
  },
  {
    "id": "5311fb3d-7e4a-4645-aca5-78c9c2b3dd1c",
    "data": [
      {
        "text": "I would like to order a ",
        "userDefined": false
      },
      {
        "text": "regular",
        "alias": "Size",
        "meta": "@Size",
        "userDefined": true
      },
      {
        "text": " ",
        "userDefined": false
      },
      {
        "text": "Mexican",
        "alias": "Pizza_type",
        "meta": "@Type",
        "userDefined": true
      },
      {
        "text": " pizza",
        "userDefined": false
      }
    ],
    "isTemplate": false,
    "count": 0,
    "updated": 1518368786
  },
  {
    "id": "9a7f4cbb-617e-4dbb-bdad-6f5f931f8592",
    "data": [
      {
        "text": "My name is ",
        "userDefined": false
      },
      {
        "text": "Dimpy",
        "alias": "Name",
        "meta": "@sys.any",
        "userDefined": true
      }
    ],
    "isTemplate": false,
    "count": 0,
    "updated": 1518368786
  },
  {
    "id": "d1e2fc60-896e-4395-8e92-b62aea1635eb",
    "data": [
      {
        "text": "order a ",
        "userDefined": false
      },
      {
        "text": "small",
        "alias": "Size",
        "meta": "@Size",
        "userDefined": true
      },
      {
        "text": " ",
        "userDefined": false
      },
      {
        "text": "Veg Supreme",
        "alias": "Pizza_type",
        "meta": "@Type",
        "userDefined": true
      },
      {
        "text": " Pizza for me please",
        "userDefined": false
      }
    ],
    "isTemplate": false,
    "count": 0,
    "updated": 1518368786
  },
  {
    "id": "cc1c3eaf-3ff6-4871-a0cd-7c3c586a0ac7",
    "data": [
      {
        "text": "I am ",
        "userDefined": false
      },
      {
        "text": "hungry",
        "meta": "@sys.ignore",
        "userDefined": true
      }
    ],
    "isTemplate": false,
    "count": 0,
    "updated": 1518368786
  },
  {
    "id": "41714936-1792-4a6b-a731-764ec942d23f",
    "data": [
      {
        "text": "HUNGRRYY",
        "userDefined": false
      }
    ],
    "isTemplate": false,
    "count": 0,
    "updated": 1518368786
  }
]